statename,statefips,schools_closed,nonessential_biz_closed,stayathome_start,regional_biz_opened,regional_stayathome_end,statewide_biz_opened,statewide_stayathome_end,regional_biz_reclosed,statewide_biz_reclosed,state_milestone1,description1,state_milestone2,description2,state_milestone3,description3,state_milestone4,description4,state_milestone5,description5
Alabama,1,2020-03-19,2020-03-28,2020-04-04,,,2020-05-01,2020-04-30,,,,,,,,,,,,
Alaska,2,2020-03-16,2020-03-28,2020-03-28,,,2020-04-24,2020-04-24,,,,,,,,,,,,
Arizona,4,2020-03-16,,2020-03-31,,,2020-05-08,2020-05-15,,2020-06-29,2020-08-10,"Arizona released health benchmarks that, once met, allowed counties to reopen businesses closed on 6/29; also began allowing businesses to individually apply for reopening regardless of county",2020-10-01,"Arizona reopened all businesses statewide, with some restructions",2021-03-05,Arizona lifted capacity restrictions for all businesses,,,,
Arkansas,5,2020-03-17,,,,,2020-05-04,,,,,,,,,,,,,
California,6,2020-03-19,2020-03-19,2020-03-19,2020-05-08,,2020-05-22,,2020-06-28,2020-07-13,2020-08-31,California entered a new reopening system wherein each county was placed into a specified reopening tier with health metrics used to determine movement to more- or less-restrictive tiers,2020-11-17,California paused all reopenings and began moving counties back to the most restrictive tier,2020-12-05,California entered a new regional stay-at-home order plan wherein each multicounty region will be subject to nonessential business closures and a stay-at-home order depending on ICU capacity,2021-01-25,California ended regional stay at home orders and returned to previous county-based reopening plan,,
Colorado,8,2020-03-23,2020-03-26,2020-03-26,2020-05-01,2020-04-26,2020-05-09,2020-05-09,,2020-07-02,2020-09-15,Colorado introduced a new system for business reopenings wherein counties could request new reopening designations beginning 9/29,,,,,,,,
Connecticut,9,2020-03-17,2020-03-23,2020-03-23,,,2020-05-20,2020-05-20,,,2020-11-06,"Connecticut rolled back to Phase 2.1, tightening capacity restrictions on businesses",2020-03-19,Connecticut lifted capacity restrictions on resturants and select indoor recreation,,,,,,
Delaware,10,2020-03-16,2020-03-24,2020-03-24,,,2020-06-01,2020-05-31,,,2020-12-14,Delaware issued a stay at home advisory and tightened capacity restrictions on businesses,2021-02-12,Delaware loosened capacity restrictions that had been instituted on 12/14/20,,,,,,
District Of Columbia,11,2020-03-16,2020-03-25,2020-04-01,,,2020-05-29,2020-05-29,,2020-12-23,2021-01-22,DC reopened select businesses closed on 12/23,,,,,,,,
Florida,12,2020-03-16,,2020-04-03,2020-05-04,2020-05-04,2020-05-18,2020-05-18,,2020-06-26,2020-09-14,Florida reopened select businesses statewide,,,,,,,,
Georgia,13,2020-03-18,,2020-04-03,,,2020-04-24,2020-04-30,,,,,,,,,,,,
Hawaii,15,2020-03-16,2020-03-25,2020-03-25,2020-05-07,,2020-05-15,2020-05-31,2020-08-08,,2020-10-22,Hawaii reopened select businesses closed regionally on 8/8,2021-02-25,"Hawaii loosened restrictions to stage 3 on Oahu, fully reopening select businesses",,,,,,
Idaho,16,2020-03-23,2020-03-25,2020-03-25,,,2020-05-01,2020-04-30,2020-06-24,2020-10-26,,,,,,,,,,
Illinois,17,2020-03-17,2020-03-21,2020-03-21,2020-05-29,,2020-06-03,2020-05-29,,2020-11-20,2020-07-15,Illinois divided into 11 regions which would be individually subject to stricter gathering limits and business closures based on local health metrics,2021-01-18,"Illinois returned to regional reopening plan after 11/20 closure, loosening health metrics needed to reopen businesses",,,,,,
Indiana,18,2020-03-19,2020-03-24,2020-03-24,2020-05-04,2020-05-04,2020-05-18,2020-05-18,,,2021-04-06,Indiana ends all COVID-19 business restrictions,,,,,,,,
Iowa,19,2020-03-15,2020-03-17,,2020-05-01,,2020-05-08,,2020-08-27,,2020-09-16,"Iowa reopened select businesses on a regional basis (Polk, Linn, Dallas, and Black Hawk counties)",2020-10-05,Iowa reopened select businesses on a regional basis (Johnson and Story counties),,,,,,
Kansas,20,2020-03-18,,2020-03-30,2020-05-04,2020-05-03,2020-05-11,2020-05-22,,,2021-01-28,Kansas shuts unemployment system in response to large number of fraudulent claims,,,,,,,,
Kentucky,21,2020-03-16,2020-03-26,2020-03-26,,,2020-05-11,2020-05-11,,2020-07-28,2020-08-11,Kentucky reopened select businesses at reduced capacity,2020-11-20,Kentucky closed select businesses,2020-12-13,Kentucky reopened select businesses,,,,
Louisiana,22,2020-03-16,2020-03-22,2020-03-23,2020-05-15,2020-05-15,2020-05-16,2020-05-16,,2020-07-13,2020-09-11,Louisiana allowed reopening of select businesses,2020-11-25,"Louisiana rolled back to Phase 2, tightening capacity restrictions on businesses",2021-03-03,Louisiana reopened select businesses and lifted capacity restrictions on religious services,,,,
Maine,23,2020-03-31,2020-03-25,2020-04-02,,,2020-05-01,2020-05-31,,,2020-11-04,Maine tightened capacity resitrictions on select businesses,2021-04-05,Maine reducted capacity restrictions on select businesses,,,,,,
Maryland,24,2020-03-16,2020-03-23,2020-03-30,2020-05-15,2020-05-15,2020-06-01,2020-06-01,,,2020-07-24,Maryland reclosed select businesses on a regional basis (Baltimore City),2020-08-08,Maryland reopened select businesses on a regional basis (Baltimore City),2020-12-11,Maryland reclosed select businesses on a regional basis (Baltimore City),2021-01-22,Maryland reopened select businesses on a regional basis (Baltimore City),2021-03-12,Maryland lifted capacity restrictions on select businesses statewide
Massachusetts,25,2020-03-17,2020-03-24,2020-03-24,,,2020-05-18,2020-05-18,,2020-12-13,2020-11-06,Massachusetts issued a stay at home advisory,2020-12-16,Massachusetts closed select businesses on a regional basis (Boston),2021-01-25,Massachusetts lifted stay at home advisory,2021-02-01,Massachusetts reopened select businesses on a regional basis (Boston),2021-03-01,Massachusetts reopened select businesses statewide
Michigan,26,2020-03-16,2020-03-23,2020-03-24,,,2020-05-11,2020-06-01,2020-07-01,2020-07-31,2020-10-09,Michigan reopened select businesses statewide,2020-11-18,Michigan reclosed select businesses statewide,2020-12-21,Michigan reopened select businesses,2021-02-01,Michigan reopened additional select businesses that were closed on 11/18/20,,
Minnesota,27,2020-03-16,,2020-03-27,,,2020-04-27,2020-05-17,,2020-11-20,2020-12-18,Minnesota reopened select businesses closed on 11/20,2021-01-11,Minnesota reopened additional select businesses closed on 11/20,,,,,,
Mississippi,28,2020-03-16,2020-04-03,2020-04-03,,,2020-04-27,2020-04-27,,,2021-03-03,Mississippi lifted all public health restrictions on businesses,,,,,,,,
Missouri,29,2020-03-20,,2020-04-06,2020-05-04,2020-05-03,2020-05-18,2020-05-18,,,,,,,,,,,,
Montana,30,2020-03-16,2020-03-26,2020-03-28,2020-04-27,,2020-05-01,2020-04-26,,,,,,,,,,,,
Nebraska,31,2020-03-23,,,2020-05-04,,2020-06-01,,,,,,,,,,,,,
Nevada,32,2020-03-16,2020-03-21,2020-04-01,,,2020-05-09,2020-05-09,2020-07-10,,2020-07-27,"Nevada reopened select businesses on a regional basis (Humboldt, Lander, and Lyon counties)",2020-09-16,Nevada reopened select businesses on a regional basis (Washoe and Nye counties),2020-11-24,Nevada tightened capacity restrictions on select businesses,,,,
New Hampshire,33,2020-03-16,2020-03-28,2020-03-27,,,2020-05-11,2020-06-15,,,2021-03-15,New Hampshire lifts capacity restrictions on select businesses,,,,,,,,
New Jersey,34,2020-03-18,2020-03-21,2020-03-21,,,2020-06-15,2020-06-09,,,,,,,,,,,,
New Mexico,35,2020-03-16,2020-03-24,2020-03-24,2020-05-16,,2020-06-01,2020-05-31,,2020-11-16,2020-11-16,New Mexico reclosed select businesses statewide and issued a new stay at home advisory,2020-12-02,New Mexico entered a new reopening system wherein each county was placed into a specified reopening tier with health metrics used to determine movement to more- or less-restrictive tiers,,,,,,
New York,36,2020-03-18,2020-03-22,2020-03-22,2020-05-15,,2020-06-08,2020-05-28,,,2020-10-08,New York implemented a new strategy wherein new restrictions and/or business closures were instituted in county and sub-county areas in the state,2020-12-14,New York closed select businesses on a regional basis (New York City),2021-12-21,New York reopened select businesses closed on 12/14,,,,
North Carolina,37,2020-03-16,2020-03-30,2020-03-30,,,2020-05-08,2020-05-22,,,2021-03-29,North Carolina relaxed capacity restrictions at select businesses,,,,,,,,
North Dakota,38,2020-03-16,,,,,2020-05-01,,,,,,,,,,,,,
Ohio,39,2020-03-17,2020-03-23,2020-03-23,,,2020-05-04,2020-05-29,,,,,,,,,,,,
Oklahoma,40,2020-03-17,2020-04-01,,2020-04-24,,2020-05-01,,,,,,,,,,,,,
Oregon,41,2020-03-16,,2020-03-23,,,2020-05-15,,2020-07-31,2020-11-18,2020-08-21,Oregon reopened select businesses on a regional basis (Umatilla County),2020-09-18,Oregon reopened select businesses on a regional basis (Morrow County),2020-12-03,Oregon entered a new reopening system wherein each county was placed into a specified reopening tier with health metrics used to determine movement to more- or less-restrictive tiers,2020-02-12,"9 OR counties (Clackamas, Clatsop, Columbia, Deschutes, Hood River, Klamath, Linn, Multnomah, Washington) move from extreme- to high-risk tier",,
Pennsylvania,42,2020-03-16,2020-03-23,2020-04-01,2020-05-08,2020-05-08,2020-06-05,2020-06-05,2020-07-03,2020-12-12,2020-07-10,Pennsylvania reopened select businesses on a regional basis (included Allegheny county),2020-11-20,Pennsylvania reclosed select businesses on a regional basis (Philadelphia county),2021-01-04,Pennsylvania reopened select businesses closed on 12/12,,,,
Rhode Island,44,2020-03-16,,2020-03-28,,,2020-05-09,2020-05-08,,2020-11-30,2020-11-08,Rhode Island issued a stay at home advisory,2020-12-21,Rhode Island reopened select businesses,,,,,,
South Carolina,45,2020-03-16,,2020-04-07,,,2020-04-20,2020-05-04,,,,,,,,,,,,
South Dakota,46,2020-03-16,,,,,,,,,,,,,,,,,,
Tennessee,47,2020-03-20,2020-04-01,2020-03-31,2020-04-27,2020-04-30,2020-05-11,2020-05-11,2020-07-03,,2020-08-17,Tennessee reopened select businesses on a regional basis with capacity restrictions (Davidson county),,,,,,,,
Texas,48,2020-03-21,,2020-04-02,,,2020-05-01,2020-04-30,,2020-06-26,2020-10-14,Texas reopened select businesses at reduced capacity,2021-03-02,Texas lifted all public health restrictions on businesses,,,,,,
Utah,49,2020-03-16,,,,,2020-05-01,,,,,,,,,,,,,
Vermont,50,2020-03-18,2020-03-25,2020-03-25,,,2020-05-11,2020-05-15,,2020-11-14,2021-03-24,Vermont reopened select businesses,,,,,,,,
Virginia,51,2020-03-16,2020-03-24,2020-03-30,2020-05-15,,2020-05-29,2020-06-10,,,,,,,,,,,,
Washington,53,2020-03-16,2020-03-25,2020-03-23,2020-05-11,,2020-07-03,2020-05-31,,2020-11-16,2021-01-11,Washington entered a new reopening system which divides the state into 8 regions for which health metrics determine further business reopenings,2021-02-14,5 Washington regions enter Phase 2 of reopening allowing indoor dining and expanding indoor recreation capacity,2021-03-22,"Washington will allow live attendance at sporting events and will boost indoor capacity at restaurants, retailers, fitness centers and other indoor spaces to 50%",,,,
West Virginia,54,2020-03-16,2020-03-24,2020-03-24,,,2020-05-04,2020-05-03,,2020-07-14,2020-10-13,West Virginia reopened select businesses on a regional basis (Monongalia County),2021-02-19,West Virginia Loosened restrictions of business capacity and social gatherings,2021-03-06,West Virginia lifted public health restrictions on select businesses,,,,
Wisconsin,55,2020-03-16,2020-03-25,2020-03-25,2020-05-13,2020-05-13,2020-05-26,2020-05-26,,,2020-11-10,Wisconsin issued a stay at home advisory,,,,,,,,
Wyoming,56,2020-03-20,,,2020-05-01,,2020-05-11,,,,,,,,,,,,,
